,true,MAP,MAP-IS,PYMC
beta[0],0,0.9817709217600936,1.1081826983519334,1.117
beta[1],-3,-2.827757604944488,-3.2324558771906244,-3.263
beta[2],-1,-0.5002598964583642,-0.5947584752161889,-0.562
beta[3],0,0.17647180946359647,0.14401252915737664,0.172
beta[4],1,1.2621856159467153,1.425907058619541,1.455
beta[5],3,3.3433564815752725,3.8199861375789155,3.816
